iter;Cost;Best Cost;sim_time;eval_time;valid_runs;kp_pos_x;kp_pos_y;kp_pos_z;kd_pos_x;kd_pos_y;kd_pos_z;kp_or_x;kp_or_y;kp_or_z;kd_or_x;kd_or_y;kd_or_z
1;109.397;109.397;36.2858;36.2858;1;170.185;63.6008;70.1396;44.0888;65.7305;51.7748;39.6025;75.5557;53.1968;3.90219;7.92297;19.0036
2;16.3319;16.3319;67.7175;67.7175;1;172.714;35.4715;99.0554;31.9449;54.5571;31.7592;11.9832;57.7659;49.2242;7.50106;1.53411;12.607
3;109.258;16.3319;38.3796;38.3796;1;82.3556;90.6258;115.154;55.2401;33.1207;43.6939;10.252;9.01283;3.53061;10.5879;12.2624;16.495
4;100.786;16.3319;20.2929;20.2929;1;142.77;158.513;100.116;75.9492;49.9953;64.6339;72.4738;79.4268;71.6812;4.44897;15.0137;4.42324
5;101.613;16.3319;22.6476;22.6476;1;150.894;118.536;158.6;67.2028;57.2896;36.031;70.2116;8.55385;15.6031;16.3272;15.8499;7.29496
6;132.519;16.3319;22.6776;22.6776;1;37.8131;130.411;84.8844;76.6569;63.6042;60.6106;38.4519;6.71446;51.7777;15.514;1.17205;0.615024
7;113.96;16.3319;24.967;24.967;1;53.8537;124.767;61.8506;30.3356;64.5904;77.4965;22.8437;29.1175;71.6168;11.3772;10.6399;7.30184
8;107.683;16.3319;26.313;26.313;1;79.4476;106.802;74.5689;60.2984;57.202;64.3026;4.98435;61.3597;66.1064;19.8036;2.82887;10.6524
9;120.144;16.3319;24.6664;24.6664;1;87.0692;184.004;66.4234;46.5605;68.5121;49.0036;46.4072;19.5979;21.5999;10.2968;19.7545;8.40689
10;127.119;16.3319;23.8643;23.8643;1;187.37;89.4546;183.284;56.4775;70.3062;36.1633;19.6188;72.3336;19.8099;1.92538;18.9392;14.5622
11;98.5446;16.3319;22.1244;22.1244;1;149.057;175.991;154.831;58.6972;49.7716;67.6046;61.7698;14.3393;4.4415;2.87561;18.6298;12.6394
12;111.41;16.3319;33.169;33.169;1;78.3309;80.4868;174.134;53.6011;39.2481;72.6532;15.451;72.3588;72.7849;9.47464;5.81347;9.3293
13;102.066;16.3319;27.9692;27.9692;1;92.6202;57.1942;127.168;33.8833;68.7135;42.4385;53.3746;30.3414;56.5606;10.3205;4.25495;2.14643
14;95.275;16.3319;21.0043;21.0043;1;63.7725;127.633;53.1791;79.1292;34.6084;74.0747;54.3587;74.9967;44.0903;18.2724;14.7088;18.1861
15;98.9563;16.3319;23.2005;23.2005;1;124.773;155.414;96.5263;61.4515;53.0757;69.1447;21.3803;14.9971;19.057;6.60995;14.4179;9.84723
16;117.556;16.3319;22.6733;22.6733;1;155.803;143.159;180.461;53.9579;66.5006;79.1898;10.431;61.4771;69.3653;1.06856;6.63891;17.4676
17;112.483;16.3319;44.3842;44.3843;1;86.5656;65.9202;154.848;40.0784;49.3776;58.7833;71.8155;2.22613;40.5694;10.6918;1.41324;17.2867
18;100.012;16.3319;26.9978;26.9978;1;131.18;197.672;130.252;52.7842;46.4631;53.1851;10.1398;65.5336;51.2224;3.23668;19.8201;3.5007
19;115.919;16.3319;40.9359;40.9359;1;142.865;116.736;146.482;47.6194;38.4938;58.3313;45.9037;72.19;78.6716;6.8201;12.4677;8.45706
20;112.72;16.3319;21.2603;21.2603;1;195.616;113.241;88.0012;74.5268;36.3998;53.708;30.6989;79.0208;59.1802;2.20737;7.99864;11.4579
21;100;16.3319;349.096;349.096;1;116.781;180.382;112.509;40.9324;46.9552;38.2319;55.4367;5.33473;57.4946;4.65252;16.6217;18.3542
22;139.333;16.3319;105.564;105.564;1;89.2549;131.311;104.846;32.9356;47.8203;47.954;19.2952;7.69039;34.0667;7.61284;11.6208;4.68508
23;110.13;16.3319;23.0982;23.0982;1;119.984;132.41;84.8163;64.348;65.7249;37.5303;11.4258;67.4693;39.2428;14.6714;18.079;10.5249
24;102.917;16.3319;29.9382;29.9382;1;166.465;105.228;127.19;50.9707;48.0081;46.3309;44.6099;63.2981;71.0472;14.8093;2.13507;13.2974
25;98.9736;16.3319;27.9089;27.9089;1;125.221;34.4064;144.306;36.3068;76.0642;45.7108;76.8724;10.2201;54.2278;17.6252;3.64605;3.81824
26;98.5362;16.3319;26.0654;26.0654;1;187.16;114.425;98.0789;46.1312;63.1997;39.6832;78.2947;67.4577;6.4366;7.92912;0.482803;17.553
27;96.7908;16.3319;20.4717;20.4717;1;73.6644;178.749;133.827;49.48;72.0583;79.6325;20.0479;19.9668;28.9691;10.7982;19.1167;12.8805
28;121.723;16.3319;29.2682;29.2682;1;97.1844;156.277;79.6288;40.3461;54.7063;58.3097;79.9475;15.442;77.6277;6.21519;3.97248;5.71864
29;99.0567;16.3319;24.491;24.491;1;77.1125;43.8435;74.576;68.793;36.7712;44.1672;69.2967;59.4284;23.0432;19.6696;9.17906;19.4103
30;106.238;16.3319;54.2998;54.2999;1;111.018;56.0406;140.422;42.9217;51.0636;52.9256;66.3521;50.7922;66.726;6.2371;17.2824;8.32517
31;121.428;16.3319;28.1516;28.1516;1;115;115;115;55;55;55;40.25;40.25;40.25;10.025;10.025;10.025
32;119.228;16.3319;28.6983;28.6983;1;115;115;115;55;55;55;40.25;40.25;40.25;10.025;10.025;10.025
33;111.03;16.3319;28.4209;28.421;1;115;115;115;55;55;55;40.25;40.25;40.25;10.025;10.025;10.025
34;107.407;16.3319;27.2535;27.2535;1;115;115;115;55;55;55;40.25;40.25;40.25;10.025;10.025;10.025
35;104.256;16.3319;27.9161;27.9161;1;115;115;115;55;55;55;40.25;40.25;40.25;10.025;10.025;10.025
36;122.769;16.3319;29.1152;29.1152;1;115;115;115;55;55;55;40.25;40.25;40.25;10.025;10.025;10.025
37;102.319;16.3319;28.4044;28.4044;1;115;115;115;55;55;55;40.25;40.25;40.25;10.025;10.025;10.025
38;99.0279;16.3319;26.7378;26.7378;1;115;115;115;55;55;55;40.25;40.25;40.25;10.025;10.025;10.025
39;99.5474;16.3319;26.6283;26.6283;1;115;115;115;55;55;55;40.25;40.25;40.25;10.025;10.025;10.025
40;120.807;16.3319;29.0416;29.0416;1;115;115;115;55;55;55;40.25;40.25;40.25;10.025;10.025;10.025
41;99.8998;16.3319;25.9352;25.9352;1;115;115;115;55;55;55;40.25;40.25;40.25;10.025;10.025;10.025
42;122.933;16.3319;28.352;28.352;1;115;115;115;55;55;55;40.25;40.25;40.25;10.025;10.025;10.025
43;109.705;16.3319;26.2969;26.2969;1;115;115;115;55;55;55;40.25;40.25;40.25;10.025;10.025;10.025
44;104.686;16.3319;29.1353;29.1353;1;115;115;115;55;55;55;40.25;40.25;40.25;10.025;10.025;10.025
45;121.99;16.3319;28.3939;28.394;1;115;115;115;55;55;55;40.25;40.25;40.25;10.025;10.025;10.025
46;118.461;16.3319;29.2794;29.2794;1;115;115;115;55;55;55;40.25;40.25;40.25;10.025;10.025;10.025
47;105.888;16.3319;28.689;28.689;1;115;115;115;55;55;55;40.25;40.25;40.25;10.025;10.025;10.025
48;104.162;16.3319;29.7098;29.7098;1;115;115;115;55;55;55;40.25;40.25;40.25;10.025;10.025;10.025
49;123.007;16.3319;28.6668;28.6668;1;115;115;115;55;55;55;40.25;40.25;40.25;10.025;10.025;10.025
50;117.988;16.3319;30.5408;30.5408;1;115;115;115;55;55;55;40.25;40.25;40.25;10.025;10.025;10.025
51;98.2943;16.3319;28.8041;28.8041;1;115;115;115;55;55;55;40.25;40.25;40.25;10.025;10.025;10.025
52;122.913;16.3319;27.9813;27.9813;1;115;115;115;55;55;55;40.25;40.25;40.25;10.025;10.025;10.025
53;100.12;16.3319;25.9137;25.9137;1;115;115;115;55;55;55;40.25;40.25;40.25;10.025;10.025;10.025
54;110.531;16.3319;28.4352;28.4352;1;115;115;115;55;55;55;40.25;40.25;40.25;10.025;10.025;10.025
55;117.133;16.3319;29.4851;29.4852;1;115;115;115;55;55;55;40.25;40.25;40.25;10.025;10.025;10.025
56;99.5187;16.3319;27.586;27.586;1;115;115;115;55;55;55;40.25;40.25;40.25;10.025;10.025;10.025
57;121.182;16.3319;28.6058;28.6058;1;115;115;115;55;55;55;40.25;40.25;40.25;10.025;10.025;10.025
58;119.901;16.3319;28.6198;28.6198;1;115;115;115;55;55;55;40.25;40.25;40.25;10.025;10.025;10.025
59;101.254;16.3319;26.8685;26.8685;1;115;115;115;55;55;55;40.25;40.25;40.25;10.025;10.025;10.025
60;108.749;16.3319;28.1412;28.1412;1;115;115;115;55;55;55;40.25;40.25;40.25;10.025;10.025;10.025
61;97.8899;16.3319;26.4302;26.4302;1;115;115;115;55;55;55;40.25;40.25;40.25;10.025;10.025;10.025
62;122.958;16.3319;28.7938;28.7938;1;115;115;115;55;55;55;40.25;40.25;40.25;10.025;10.025;10.025
63;104.886;16.3319;28.3537;28.3537;1;115;115;115;55;55;55;40.25;40.25;40.25;10.025;10.025;10.025
64;100.925;16.3319;28.152;28.152;1;115;115;115;55;55;55;40.25;40.25;40.25;10.025;10.025;10.025
65;123.034;16.3319;28.6178;28.6178;1;115;115;115;55;55;55;40.25;40.25;40.25;10.025;10.025;10.025
66;123.009;16.3319;28.6687;28.6687;1;115;115;115;55;55;55;40.25;40.25;40.25;10.025;10.025;10.025
67;97.6912;16.3319;25.7173;25.7173;1;115;115;115;55;55;55;40.25;40.25;40.25;10.025;10.025;10.025
68;100.048;16.3319;26.8661;26.8661;1;115;115;115;55;55;55;40.25;40.25;40.25;10.025;10.025;10.025
69;115.795;16.3319;27.6476;27.6476;1;115;115;115;55;55;55;40.25;40.25;40.25;10.025;10.025;10.025
70;99.351;16.3319;27.2523;27.2523;1;115;115;115;55;55;55;40.25;40.25;40.25;10.025;10.025;10.025
71;110.59;16.3319;29.1157;29.1157;1;115;115;115;55;55;55;40.25;40.25;40.25;10.025;10.025;10.025
72;122.958;16.3319;29.0165;29.0165;1;115;115;115;55;55;55;40.25;40.25;40.25;10.025;10.025;10.025
73;123.034;16.3319;29.2636;29.2636;1;115;115;115;55;55;55;40.25;40.25;40.25;10.025;10.025;10.025
74;117.025;16.3319;29.7939;29.7939;1;115;115;115;55;55;55;40.25;40.25;40.25;10.025;10.025;10.025
75;100.86;16.3319;26.2522;26.2522;1;115;115;115;55;55;55;40.25;40.25;40.25;10.025;10.025;10.025
76;107.403;16.3319;28.5883;28.5883;1;115;115;115;55;55;55;40.25;40.25;40.25;10.025;10.025;10.025
77;121.601;16.3319;29.3616;29.3616;1;115;115;115;55;55;55;40.25;40.25;40.25;10.025;10.025;10.025
78;102.405;16.3319;26.2465;26.2465;1;115;115;115;55;55;55;40.25;40.25;40.25;10.025;10.025;10.025
79;100.015;16.3319;27.5522;27.5522;1;115;115;115;55;55;55;40.25;40.25;40.25;10.025;10.025;10.025
80;104.192;16.3319;26.1895;26.1895;1;115;115;115;55;55;55;40.25;40.25;40.25;10.025;10.025;10.025
81;106.255;16.3319;24.4778;24.4778;1;33.1481;198.951;196.852;79.0741;30.3086;79.6914;79.5093;1.97222;0.990741;0.173148;19.6306;15.4435
82;98.7968;16.3319;21.9848;21.9848;1;33.1481;198.951;127.593;79.0741;30.3086;64.2593;42.213;1.97222;0.990741;0.419444;15.9361;0.419444
83;107.254;16.3319;22.6352;22.6352;1;45.7407;89.8148;190.556;77.2222;46.358;63.0247;53.0093;7.86111;25.5278;1.40463;18.8917;6.33056
84;119.411;16.3319;20.6699;20.6699;1;196.852;31.0494;198.951;79.0741;30.9259;79.6914;78.5278;71.6574;78.5278;0.173148;19.6306;19.6306
85;101.937;16.3319;22.4752;22.4752;1;31.0494;198.951;146.481;77.2222;46.9753;47.5926;0.990741;27.4907;1.97222;0.173148;13.7194;0.173148
86;105.074;16.3319;23.129;23.129;1;58.3333;171.667;171.667;71.6667;45.7407;38.3333;66.75;13.75;66.75;3.375;10.025;3.375
87;98.7148;16.3319;21.66;21.66;1;33.1481;142.284;161.173;79.6914;30.9259;46.9753;78.5278;1.97222;0.990741;0.173148;19.6306;0.419444
88;97.7272;16.3319;22.7952;22.7952;1;58.3333;171.667;115;71.6667;38.3333;56.8519;40.25;7.86111;63.8056;3.375;16.675;3.6213
89;100.733;16.3319;27.3029;27.3029;1;196.852;39.4444;41.5432;38.3333;79.0741;42.037;13.75;78.5278;75.5833;19.6306;1.15833;1.89722
90;101.895;16.3319;25.8041;25.8041;1;171.667;171.667;58.3333;38.3333;71.6667;38.3333;13.75;40.25;13.75;16.675;3.375;7.80833
91;96.3003;16.3319;20.6317;20.6317;1;196.852;33.1481;180.062;67.3457;45.7407;74.1358;69.6944;53.0093;78.5278;6.33056;15.4435;19.6306
92;97.7169;16.3319;20.981;20.981;1;85.6173;31.0494;196.852;79.6914;30.3086;79.6914;79.5093;18.6574;25.5278;4.85278;19.8769;12.9806
93;98.561;16.3319;20.2051;20.2051;1;171.667;58.3333;171.667;77.2222;38.3333;71.6667;66.75;13.75;25.5278;3.375;16.675;18.8917
94;127.442;16.3319;30.0821;30.0821;1;31.0494;196.852;33.1481;64.2593;30.9259;30.3086;1.97222;1.97222;0.990741;0.419444;13.4731;0.173148
95;105.486;16.3319;22.0911;22.0911;1;33.1481;196.852;89.8148;79.6914;30.3086;30.3086;37.3056;0.990741;0.990741;0.419444;11.5028;0.419444
96;95.8368;16.3319;19.4715;19.4715;1;171.667;77.2222;171.667;77.2222;38.3333;71.6667;66.75;22.5833;63.8056;1.15833;16.675;16.675
97;110.428;16.3319;21.4745;21.4745;1;77.2222;146.481;190.556;77.2222;34.6296;43.8889;72.6389;7.86111;78.5278;1.15833;18.8917;18.8917
98;114.061;16.3319;24.7474;24.7474;1;58.3333;171.667;146.481;66.1111;60.5556;34.6296;57.9167;22.5833;1.97222;5.59167;14.4583;1.15833
99;101.193;16.3319;22.2153;22.2154;1;196.852;31.0494;161.173;64.2593;79.6914;79.6914;54.9722;79.5093;26.5093;6.57685;17.4139;19.6306
100;103.193;16.3319;28.4272;28.4272;1;177.963;45.7407;58.3333;38.3333;71.6667;55;13.75;72.6389;57.9167;16.675;3.375;16.675
101;102.819;16.3319;31.2077;31.2077;1;171.667;77.2222;115;38.3333;66.1111;38.3333;13.75;66.75;10.8056;16.675;3.375;10.025
102;103.154;16.3319;22.8275;22.8275;1;85.6173;33.1481;171.667;69.1975;79.0741;79.6914;38.287;25.5278;78.5278;6.57685;17.4139;19.8769
103;143.64;16.3319;22.5882;22.5882;1;171.667;152.778;58.3333;38.3333;71.6667;71.6667;13.75;62.8241;34.3611;16.675;3.375;12.2417
104;111.527;16.3319;32.7352;32.7352;1;58.3333;171.667;171.667;55;32.7778;71.6667;40.25;75.5833;4.91667;3.375;16.675;16.675
105;98.7123;16.3319;22.8302;22.8302;1;85.6173;33.1481;196.852;65.4938;79.6914;79.6914;69.6944;25.5278;78.5278;19.6306;19.6306;19.8769
106;106.368;16.3319;21.9978;21.9978;1;196.852;31.0494;192.654;69.1975;79.6914;79.6914;72.6389;26.5093;78.5278;6.57685;17.9065;19.6306
107;109.217;16.3319;21.1756;21.1756;1;190.556;152.778;171.667;66.1111;43.8889;77.2222;40.25;25.5278;78.5278;1.89722;18.8917;18.8917
108;101.13;16.3319;24.7785;24.7785;1;171.667;77.2222;39.4444;55;77.2222;40.1852;13.75;75.5833;57.9167;16.675;3.375;7.80833
109;102.322;16.3319;21.3463;21.3463;1;39.4444;190.556;96.1111;79.0741;32.7778;49.4444;78.5278;4.91667;4.91667;0.419444;16.675;1.15833
110;111.371;16.3319;24.186;24.186;1;58.3333;39.4444;171.667;71.6667;40.1852;49.4444;40.25;37.3056;13.75;3.375;10.025;7.80833
111;101.433;16.3319;21.0778;21.0778;1;68.8272;33.1481;196.852;79.6914;30.3086;79.0741;79.5093;18.6574;79.5093;0.419444;19.8769;19.6306
112;114.033;16.3319;21.5522;21.5522;1;152.778;39.4444;190.556;77.2222;30.9259;77.2222;75.5833;4.91667;22.5833;1.15833;18.8917;14.4583
113;98.5732;16.3319;20.2466;20.2466;1;196.852;33.1481;198.951;74.7531;79.6914;79.6914;71.6574;79.5093;79.5093;19.6306;16.1824;19.6306
114;107.923;16.3319;137.339;137.339;1;171.667;58.3333;115;38.3333;55;38.3333;13.75;66.75;57.9167;16.675;3.375;3.375
115;109.517;16.3319;31.6957;31.6957;1;171.667;58.3333;58.3333;38.3333;71.6667;32.7778;13.75;66.75;75.5833;3.375;3.375;13.7194
116;106.312;16.3319;25.6237;25.6237;1;83.5185;33.1481;196.852;64.2593;43.8889;79.6914;52.0278;25.5278;78.5278;6.33056;10.7639;19.6306
117;107.766;16.3319;23.0036;23.0037;1;66.7284;89.8148;140.185;71.6667;79.0741;79.0741;79.5093;44.1759;53.0093;4.11389;10.7639;19.6306
118;108.892;16.3319;24.5518;24.5518;1;169.568;142.284;31.0494;30.3086;79.6914;30.9259;0.990741;79.5093;54.9722;19.6306;0.173148;7.06944
119;105.1;16.3319;20.9498;20.9498;1;58.3333;177.963;58.3333;71.6667;71.6667;71.6667;40.25;10.8056;40.25;3.375;16.675;16.675
120;99.6549;16.3319;21.5368;21.5369;1;198.951;31.0494;180.062;64.2593;45.7407;79.0741;54.9722;78.5278;78.5278;6.57685;18.8917;19.8769
121;102.5;16.3319;23.4026;23.4026;1;190.556;33.1481;83.5185;30.9259;79.0741;79.0741;10.8056;78.5278;78.5278;18.8917;5.59167;19.6306
122;140.734;16.3319;22.53;22.53;1;171.667;171.667;115;38.3333;77.2222;53.7654;13.75;72.6389;66.75;16.675;3.375;16.675
123;101.263;16.3319;26.2579;26.2579;1;58.3333;165.37;171.667;55;43.8889;71.6667;57.9167;22.5833;77.5463;3.375;10.025;12.2417
124;100.265;16.3319;22.0728;22.0728;1;33.1481;196.852;146.481;79.0741;30.9259;47.5926;40.25;1.97222;1.97222;0.419444;10.2713;13.7194
125;106.121;16.3319;21.2136;21.2136;1;198.951;33.1481;173.765;69.8148;46.358;79.0741;69.6944;79.5093;78.5278;12.9806;15.9361;19.8769
126;100.81;16.3319;22.1292;22.1292;1;58.3333;171.667;171.667;71.6667;71.6667;71.6667;40.25;43.1944;78.5278;3.375;10.025;9.28611
127;105.692;16.3319;22.1706;22.1706;1;196.852;33.1481;184.259;69.8148;73.5185;71.6667;67.7315;52.0278;78.5278;6.33056;17.4139;18.1528
128;107.146;16.3319;24.2357;24.2357;1;58.3333;96.1111;115;71.6667;55;71.6667;66.75;43.1944;4.91667;10.025;10.025;12.2417
129;110.916;16.3319;22.7847;22.7847;1;140.185;33.1481;190.556;66.1111;45.7407;79.0741;57.9167;78.5278;75.5833;6.33056;16.675;18.8917
130;112.642;16.3319;21.376;21.376;1;115;58.3333;171.667;77.2222;38.3333;73.5185;66.75;22.5833;75.5833;10.025;16.675;14.4583
131;106.52;16.3319;36.8318;36.8318;1;146.481;58.3333;83.5185;43.8889;63.642;36.4815;10.8056;13.75;7.86111;0.419444;1.89722;6.33056
132;97.6549;16.3319;37.2732;37.2732;1;144.383;52.037;83.5185;32.1605;64.2593;40.1852;9.82407;37.3056;13.75;9.7787;6.33056;6.33056
133;100.523;16.3319;38.0213;38.0214;1;33.1481;33.1481;196.852;30.9259;64.2593;32.7778;1.97222;60.8611;52.0278;0.419444;6.33056;6.33056
134;17.7136;16.3319;69.0505;69.0505;1;198.951;56.2346;144.383;38.3333;36.4815;30.9259;25.5278;28.4722;14.7315;19.6306;2.38981;19.8769
135;11.864;11.864;71.7288;71.7288;1;83.5185;52.037;198.951;38.3333;30.9259;42.037;14.7315;41.2315;67.7315;4.11389;4.36019;6.33056
136;106.072;11.864;107.527;107.527;1;194.753;33.1481;83.5185;31.5432;30.3086;51.2963;78.5278;25.5278;17.6759;6.57685;1.89722;6.57685
137;15.5789;11.864;66.7153;66.7153;1;146.481;58.3333;196.852;34.6296;30.9259;30.9259;28.4722;25.5278;69.6944;5.59167;6.33056;12.9806
138;15.4443;11.864;66.9783;66.9783;1;146.481;62.5309;198.951;32.7778;30.9259;33.3951;10.8056;54.9722;44.1759;4.36019;6.33056;19.6306
139;101.124;11.864;50.1992;50.1992;1;31.0494;49.9383;198.951;56.2346;30.3086;40.1852;1.97222;7.86111;78.5278;1.15833;6.33056;6.57685
140;18.6045;11.864;67.3381;67.3381;1;196.852;52.037;196.852;38.3333;30.3086;37.716;17.6759;69.6944;50.0648;4.36019;3.375;6.57685
141;100.39;11.864;28.2932;28.2932;1;198.951;33.1481;165.37;52.5309;30.9259;43.2716;43.1944;17.6759;16.6944;6.33056;10.7639;6.57685
142;98.9821;11.864;32.6649;32.6649;1;89.8148;58.3333;196.852;35.8642;64.2593;40.1852;29.4537;26.5093;69.6944;0.173148;4.36019;0.173148
143;103.957;11.864;28.1734;28.1734;1;198.951;87.716;31.0494;30.3086;79.0741;41.4198;0.990741;63.8056;28.4722;0.419444;0.173148;0.173148
144;18.3307;11.864;66.96;66.96;1;196.852;31.0494;198.951;30.3086;30.3086;30.3086;1.97222;1.97222;1.97222;0.173148;0.173148;0.173148
145;103.704;11.864;22.7667;22.7667;1;196.852;45.7407;31.0494;68.5802;79.6914;30.9259;79.5093;0.990741;1.97222;19.8769;0.173148;19.6306
146;115.638;11.864;34.4687;34.4687;1;198.951;31.0494;47.8395;58.0864;30.9259;30.3086;72.6389;0.990741;0.990741;18.1528;6.82315;19.6306
147;115.253;11.864;23.8817;23.8817;1;31.0494;66.7284;198.951;52.5309;75.3704;62.4074;0.990741;1.97222;26.5093;0.173148;6.33056;0.419444
148;113.738;11.864;26.4595;26.4595;1;198.951;140.185;33.1481;36.4815;79.0741;41.4198;37.3056;63.8056;0.990741;0.173148;0.173148;0.173148
149;106.465;11.864;63.9837;63.9837;1;144.383;33.1481;196.852;30.3086;30.9259;47.5926;61.8426;35.3426;52.0278;1.65093;13.2269;2.14352
150;18.2912;11.864;69.1923;69.1924;1;196.852;31.0494;196.852;30.3086;30.3086;30.9259;1.97222;1.97222;0.990741;0.173148;0.173148;13.4731
151;101.44;11.864;23.5031;23.5031;1;198.951;64.6296;33.1481;62.4074;79.6914;56.2346;43.1944;0.990741;0.990741;19.6306;11.0102;19.8769
152;98.7092;11.864;24.6149;24.6149;1;196.852;49.9383;87.716;56.8519;30.3086;46.9753;52.0278;44.1759;16.6944;19.8769;8.30093;19.8769
153;129.906;11.864;23.3654;23.3654;1;33.1481;142.284;31.0494;42.037;79.6914;63.0247;28.4722;0.990741;1.97222;0.173148;4.60648;0.419444
154;110.267;11.864;25.4207;25.4207;1;33.1481;31.0494;196.852;30.3086;30.3086;79.6914;1.97222;53.0093;78.5278;0.419444;19.8769;6.57685
155;104.284;11.864;21.0772;21.0772;1;146.481;196.852;33.1481;79.0741;79.0741;79.0741;78.5278;79.5093;78.5278;19.6306;19.6306;19.6306
156;109.137;11.864;30.5237;30.5237;1;198.951;33.1481;47.8395;30.9259;74.7531;30.9259;0.990741;0.990741;0.990741;0.419444;0.419444;0.173148
157;124.058;11.864;36.4537;36.4537;1;31.0494;58.3333;196.852;40.8025;30.3086;62.4074;18.6574;52.0278;78.5278;6.82315;19.8769;19.6306
158;17.3378;11.864;67.223;67.223;1;184.259;33.1481;198.951;30.9259;30.9259;30.9259;1.97222;0.990741;0.990741;0.419444;0.419444;19.8769
159;109.032;11.864;22.8285;22.8285;1;140.185;33.1481;31.0494;79.6914;79.6914;47.5926;4.91667;1.97222;0.990741;19.8769;12.9806;19.8769
160;18.504;11.864;69.8973;69.8973;1;198.951;33.1481;198.951;30.9259;30.9259;30.3086;7.86111;78.5278;52.0278;4.11389;0.419444;2.14352
161;12.4822;11.864;69.991;69.991;1;85.6173;87.716;198.951;30.9259;30.3086;30.9259;0.990741;68.713;77.5463;0.419444;0.419444;0.419444
162;9.95751;9.95751;67.9245;67.9245;1;33.1481;33.1481;196.852;30.9259;30.9259;30.9259;1.97222;1.97222;54.9722;0.419444;1.15833;4.85278
163;11.7597;9.95751;66.8369;66.8369;1;85.6173;33.1481;198.951;30.3086;30.3086;30.3086;8.84259;79.5093;60.8611;0.419444;0.419444;1.89722
164;18.407;9.95751;66.2122;66.2122;1;198.951;33.1481;198.951;30.3086;30.9259;30.3086;7.86111;78.5278;61.8426;2.14352;0.665741;1.89722
165;17.2378;9.95751;67.572;67.572;1;184.259;31.0494;142.284;30.3086;30.3086;30.9259;0.990741;1.97222;1.97222;0.419444;8.05463;6.33056
166;14.7237;9.95751;66.9003;66.9003;1;146.481;31.0494;198.951;30.3086;30.3086;30.3086;1.97222;7.86111;8.84259;0.419444;1.89722;6.57685
167;109.808;9.95751;69.7507;69.7507;1;33.1481;31.0494;198.951;30.9259;30.9259;46.9753;0.990741;0.990741;1.97222;0.173148;7.06944;6.57685
168;107.009;9.95751;66.4907;66.4907;1;64.6296;31.0494;196.852;30.3086;30.3086;47.5926;1.97222;77.5463;77.5463;7.06944;7.06944;0.419444
169;18.4653;9.95751;71.136;71.136;1;198.951;33.1481;196.852;30.9259;30.3086;30.3086;18.6574;53.9907;71.6574;4.85278;7.06944;0.173148
170;12.1755;9.95751;68.5095;68.5096;1;83.5185;31.0494;198.951;30.3086;30.9259;30.9259;26.5093;78.5278;79.5093;17.9065;6.82315;0.419444
171;11.9439;9.95751;69.9097;69.9097;1;85.6173;33.1481;196.852;30.9259;45.7407;30.3086;2.9537;1.97222;0.990741;0.665741;0.173148;0.173148
172;10.2906;9.95751;68.7093;68.7093;1;45.7407;33.1481;196.852;30.9259;30.3086;30.3086;79.5093;53.0093;79.5093;6.57685;7.06944;19.8769
173;18.3016;9.95751;69.9128;69.9128;1;196.852;31.0494;196.852;30.3086;30.9259;30.3086;26.5093;78.5278;35.3426;2.14352;0.173148;6.33056
174;11.8999;9.95751;68.1853;68.1853;1;83.5185;33.1481;196.852;30.3086;30.9259;30.9259;52.0278;51.0463;72.6389;4.85278;0.419444;13.7194
175;15.1476;9.95751;67.5702;67.5702;1;142.284;31.0494;194.753;30.9259;30.9259;30.9259;7.86111;35.3426;34.3611;17.6602;0.419444;19.8769
176;130.084;9.95751;37.1968;37.1968;1;45.7407;64.6296;177.963;30.9259;32.1605;63.0247;25.5278;52.0278;79.5093;0.419444;13.7194;0.419444
177;137.216;9.95751;21.1577;21.1577;1;196.852;171.667;33.1481;67.963;77.2222;75.3704;75.5833;72.6389;57.9167;19.6306;18.1528;13.7194
178;18.2802;9.95751;67.005;67.0051;1;196.852;31.0494;196.852;30.3086;30.9259;30.3086;2.9537;4.91667;54.9722;7.31574;13.4731;19.8769
179;12.3094;9.95751;68.3916;68.3917;1;85.6173;33.1481;182.16;30.3086;34.6296;30.3086;7.86111;1.97222;0.990741;6.33056;0.173148;0.173148
180;104.6;9.95751;37.7176;37.7177;1;47.8395;33.1481;198.951;30.3086;63.642;30.9259;1.97222;28.4722;1.97222;0.173148;0.419444;0.173148
181;15.5508;9.95751;68.1157;68.1157;1;152.778;39.4444;171.667;38.3333;38.3333;38.3333;40.25;4.91667;75.5833;3.375;12.2417;16.675
182;129.713;9.95751;24.3104;24.3104;1;45.7407;45.7407;58.3333;77.2222;60.5556;77.8395;78.5278;63.8056;4.91667;13.7194;18.8917;1.15833
183;104.48;9.95751;21.8444;21.8444;1;94.0123;33.1481;31.0494;75.3704;58.7037;79.0741;49.0833;78.5278;0.990741;19.8769;5.34537;0.419444
184;18.0051;9.95751;69.3773;69.3773;1;190.556;159.074;177.963;38.3333;38.3333;32.7778;37.3056;25.5278;49.0833;6.33056;14.4583;10.025
185;111.743;9.95751;22.2285;22.2285;1;146.481;31.0494;87.716;77.2222;64.2593;71.6667;52.0278;79.5093;1.97222;19.6306;6.82315;1.15833
186;16.4364;9.95751;66.5992;66.5992;1;165.37;33.1481;171.667;38.3333;38.3333;38.3333;10.8056;1.97222;40.25;19.8769;10.7639;16.675
187;112.606;9.95751;22.6779;22.6779;1;87.716;33.1481;89.8148;79.0741;72.9012;67.963;69.6944;79.5093;1.97222;12.9806;0.173148;18.3991
188;110.051;9.95751;36.6191;36.6191;1;52.037;31.0494;87.716;55;53.1481;71.0494;43.1944;79.5093;10.8056;19.8769;6.82315;6.33056
189;106.575;9.95751;33.8896;33.8896;1;89.8148;83.5185;198.951;55;56.8519;38.3333;26.5093;1.97222;78.5278;7.06944;19.8769;18.3991
190;104.924;9.95751;79.0523;79.0523;1;31.0494;31.0494;31.0494;53.1481;54.3827;55;1.97222;79.5093;1.97222;19.6306;0.419444;1.65093
191;99.349;9.95751;23.4403;23.4403;1;33.1481;33.1481;31.0494;75.3704;54.3827;35.8642;44.1759;79.5093;36.3241;19.8769;0.419444;10.7639
192;135.77;9.95751;22.6519;22.6519;1;64.6296;83.5185;37.3457;72.284;77.2222;77.2222;45.1574;71.6574;34.3611;13.7194;13.2269;0.173148
193;104.705;9.95751;46.8798;46.8799;1;89.8148;33.1481;31.0494;57.4691;38.3333;32.1605;44.1759;78.5278;1.97222;19.8769;0.173148;18.1528
194;108.854;9.95751;103.878;103.878;1;165.37;152.778;184.259;38.3333;49.4444;32.7778;1.97222;4.91667;75.5833;1.89722;14.4583;12.9806
195;104.616;9.95751;49.1999;49.1999;1;64.6296;190.556;171.667;55;49.4444;32.7778;4.91667;22.5833;66.75;18.8917;3.375;18.8917
196;105.996;9.95751;22.9007;22.9007;1;142.284;196.852;31.0494;64.2593;47.5926;79.0741;28.4722;78.5278;1.97222;13.7194;7.06944;7.06944
197;103.482;9.95751;27.9312;27.9312;1;144.383;33.1481;33.1481;30.3086;59.321;79.0741;32.3981;79.5093;1.97222;6.33056;1.15833;0.173148
198;105.733;9.95751;23.0745;23.0745;1;33.1481;33.1481;142.284;79.0741;45.7407;47.5926;78.5278;46.1389;78.5278;19.8769;12.9806;19.6306
199;110.56;9.95751;85.8374;85.8374;1;196.852;146.481;106.605;30.3086;51.2963;38.3333;2.9537;7.86111;54.9722;6.57685;0.173148;0.173148
200;104.904;9.95751;21.8148;21.8149;1;152.778;83.5185;39.4444;77.2222;71.6667;71.6667;66.75;63.8056;22.5833;1.89722;12.2417;3.375
